kind,YEAR,MONTH,source_rows
market,2024,1,21517
segment,2024,1,36186
market,2024,2,19906
segment,2024,2,33687
market,2024,3,21030
segment,2024,3,35656
market,2024,4,19214
segment,2024,4,34531
market,2024,5,20533
segment,2024,5,37985
market,2024,6,21066
segment,2024,6,38270
market,2024,7,21179
segment,2024,7,38251
market,2024,8,21416
segment,2024,8,38752
market,2024,9,20164
segment,2024,9,36347
market,2024,10,20081
segment,2024,10,36056
market,2024,11,20647
segment,2024,11,36860
market,2024,12,21458
segment,2024,12,38358
market,2025,1,20140
segment,2025,1,36123
market,2025,2,19392
segment,2025,2,35058
market,2025,3,21219
segment,2025,3,38155
market,2025,4,20072
segment,2025,4,36343
market,2025,5,20731
segment,2025,5,38260
market,2025,6,22325
segment,2025,6,40359
market,2025,7,21665
segment,2025,7,39976
market,2025,8,22302
segment,2025,8,40137
market,2025,9,20523
segment,2025,9,36723
market,2025,10,21515
segment,2025,10,38804
market,2025,11,21834
segment,2025,11,39240
market,2025,12,21600
segment,2025,12,39615
market,2026,1,21140
segment,2026,1,38371
market,2026,2,20073
segment,2026,2,36165
market,2026,3,21727
segment,2026,3,39314
market,2026,4,20863
segment,2026,4,37451
market,2026,5,21465
segment,2026,5,38857
market,2026,6,22018
segment,2026,6,38512
